-- Insertion dans la table Customer
INSERT INTO Customer (ClientCustomerID, InsertDate) VALUES
(123456789, '2021-05-10 12:00:00'),
(987654321, '2021-05-11 10:00:00'),
(555555555, '2021-05-12 08:00:00'),
(246813579, '2022-07-20 09:00:00'),
(135792468, '2022-07-21 10:00:00'),
(987654321, '2022-07-22 11:00:00'),
(123123123, '2023-10-15 14:00:00'),
(456456456, '2023-10-16 15:00:00'),
(789789789, '2023-10-17 16:00:00'),
(111222333, '2024-12-25 12:00:00'),
(444555666, '2024-12-26 13:00:00'),
(777888999, '2024-12-27 14:00:00');

-- Insertion dans la table Content
INSERT INTO Content (ClientContentID, InsertDate) VALUES
(1001, '2021-05-10 12:00:00'),
(1002, '2021-05-11 10:00:00'),
(1003, '2021-05-12 08:00:00'),
(2001, '2022-07-20 09:00:00'),
(2002, '2022-07-21 10:00:00'),
(2003, '2022-07-22 11:00:00'),
(3001, '2023-10-15 14:00:00'),
(3002, '2023-10-16 15:00:00'),
(3003, '2023-10-17 16:00:00'),
(4001, '2024-12-25 12:00:00'),
(4002, '2024-12-26 13:00:00'),
(4003, '2024-12-27 14:00:00');

-- Insertion dans la table CustomerData
INSERT INTO CustomerData (CustomerID, ChannelTypeID, ChannelValue, InsertDate) VALUES
(1, 1, 'customer1@example.com', '2021-05-10 12:00:00'),
(2, 2, '123-456-789', '2021-05-11 10:00:00'),
(3, 3, '123 Main St', '2021-05-12 08:00:00'),
(4, 1, 'customer10@example.com', '2022-07-20 09:00:00'),
(5, 2, '987-654-321', '2022-07-21 10:00:00'),
(6, 3, '456 Oak St', '2022-07-22 11:00:00'),
(7, 1, 'customer20@example.com', '2023-10-15 14:00:00'),
(8, 2, '789-456-123', '2023-10-16 15:00:00'),
(9, 3, '789 Elm St', '2023-10-17 16:00:00'),
(10, 1, 'customer30@example.com', '2024-12-25 12:00:00'),
(11, 2, '123-789-456', '2024-12-26 13:00:00'),
(12, 3, '987 Oak St', '2024-12-27 14:00:00');

-- Insertion dans la table CustomerEvent
INSERT INTO CustomerEvent (ClientEventID, InsertDate) VALUES
(100001, '2021-05-10 12:00:00'),
(100002, '2021-05-11 10:00:00'),
(100003, '2021-05-12 08:00:00'),
(200001, '2022-07-20 09:00:00'),
(200002, '2022-07-21 10:00:00'),
(200003, '2022-07-22 11:00:00'),
(300001, '2023-10-15 14:00:00'),
(300002, '2023-10-16 15:00:00'),
(300003, '2023-10-17 16:00:00'),
(400001, '2024-12-25 12:00:00'),
(400002, '2024-12-26 13:00:00'),
(400003, '2024-12-27 14:00:00');

-- Insertion dans la table CustomerEventData
INSERT INTO CustomerEventData (EventID, ContentID, CustomerID, EventTypeID, EventDate, Quantity, InsertDate) VALUES
(1, 1, 1, 1, '2021-05-10 12:00:00', 1, '2021-05-10 12:00:00'),
(2, 2, 2, 2, '2021-05-11 10:00:00', 2, '2021-05-11 10:00:00'),
(3, 3, 3, 3, '2021-05-12 08:00:00', 3, '2021-05-12 08:00:00'),
(4, 4, 4, 4, '2022-07-20 09:00:00', 4, '2022-07-20 09:00:00'),
(5, 5, 5, 5, '2022-07-21 10:00:00', 5, '2022-07-21 10:00:00'),
(6, 6, 6, 6, '2022-07-22 11:00:00', 6, '2022-07-22 11:00:00'),
(7, 7, 7, 1, '2023-10-15 14:00:00', 1, '2023-10-15 14:00:00'),
(8, 8, 8, 2, '2023-10-16 15:00:00', 2, '2023-10-16 15:00:00'),
(9, 9, 9, 3, '2023-10-17 16:00:00', 3, '2023-10-17 16:00:00'),
(10, 10, 10, 4, '2024-12-25 12:00:00', 4, '2024-12-25 12:00:00'),
(11, 11, 11, 5, '2024-12-26 13:00:00', 5, '2024-12-26 13:00:00'),
(12, 12, 12, 6, '2024-12-27 14:00:00', 6, '2024-12-27 14:00:00');


-- Insertion dans la table ContentPrice
INSERT INTO ContentPrice (ContentID, Price, Currency, InsertDate) VALUES
(1, 19.99, 'EUR', '2021-05-10 12:00:00'),
(2, 29.99, 'EUR', '2021-05-11 10:00:00'),
(3, 39.99, 'EUR', '2021-05-12 08:00:00'),
(4, 49.99, 'EUR', '2022-07-20 09:00:00'),
(5, 59.99, 'EUR', '2022-07-21 10:00:00'),
(6, 69.99, 'EUR', '2022-07-22 11:00:00'),
(7, 79.99, 'EUR', '2023-10-15 14:00:00'),
(8, 89.99, 'EUR', '2023-10-16 15:00:00'),
(9, 99.99, 'EUR', '2023-10-17 16:00:00'),
(10, 109.99, 'EUR', '2024-12-25 12:00:00'),
(11, 119.99, 'EUR', '2024-12-26 13:00:00'),
(12, 129.99, 'EUR', '2024-12-27 14:00:00');
